<?xml version="1.0" encoding="UTF-8"?>
<project-private xmlns="http://www.netbeans.org/ns/project-private/1">
    <editor-bookmarks xmlns="http://www.netbeans.org/ns/editor-bookmarks/2" lastBookmarkId="0"/>
    <open-files xmlns="http://www.netbeans.org/ns/projectui-open-files/2">
        <group>
            <file>file:/C:/Users/Asus/OneDrive/Documents/NetBeansProjects/Pharmacy_System/src/Interfaces/Suplayer.java</file>
            <file>file:/C:/Users/Asus/OneDrive/Documents/NetBeansProjects/Pharmacy_System/src/Interfaces/Cashier.java</file>
            <file>file:/C:/Users/Asus/OneDrive/Documents/NetBeansProjects/Pharmacy_System/src/Interfaces/cashier_info.java</file>
            <file>file:/C:/Users/Asus/OneDrive/Documents/NetBeansProjects/Pharmacy_System/src/Interfaces/Cash_billing.java</file>
            <file>file:/C:/Users/Asus/OneDrive/Documents/NetBeansProjects/Pharmacy_System/src/Interfaces/company.java</file>
            <file>file:/C:/Users/Asus/OneDrive/Documents/NetBeansProjects/Pharmacy_System/src/Interfaces/login.java</file>
            <file>file:/C:/Users/Asus/OneDrive/Documents/NetBeansProjects/Pharmacy_System/src/Interfaces/Medicine.java</file>
            <file>file:/C:/Users/Asus/OneDrive/Documents/NetBeansProjects/Pharmacy_System/src/Interfaces/cashier_menu.java</file>
            <file>file:/C:/Users/Asus/OneDrive/Documents/NetBeansProjects/Pharmacy_System/src/Interfaces/admin_menu.java</file>
            <file>file:/C:/Users/Asus/OneDrive/Documents/NetBeansProjects/Pharmacy_System/src/Classes/DBconnection.java</file>
            <file>file:/C:/Users/Asus/OneDrive/Documents/NetBeansProjects/Pharmacy_System/src/Interfaces/Admin.java</file>
        </group>
    </open-files>
</project-private>
